,Average clustering coefficient,Number of connected components,Size of largest connected component,Number of edges in largest connected component,Average shortest path length of largest connected component,Diameter of largest connected component
ER_np,0.013784180780225188,1,1028,7471,2.858042956895343,5
ER_nm,0.014363373503773697,1,1028,7327,2.8758141085629636,5
G,0.3043159815248051,69,955,7319,3.269421669026529,10
BA,0.05148934902729663,1,955,6636,2.7332433292721743,4
WS,0.3067513531617686,1,1028,7196,3.2728206138539586,5
